{
  "config": {
    "model": "NeoQuasar/Kronos-base",
    "batches": 100,
    "batch_size": 32,
    "seq_len": 512,
    "shock_frac": 0.3,
    "output": "results.json"
  },
  "gpu": "NVIDIA A10",
  "model_params_M": 102.310592,
  "vanilla": {
    "data_loading_ms": {
      "mean_ms": 0.13856448000183264,
      "median_ms": 0.10867550000170922,
      "std_ms": 0.1051307864788266,
      "p95_ms": 0.34004989998521745,
      "fraction": 0.00010953702358899803
    },
    "h2d_transfer_ms": {
      "mean_ms": 0.1571704899978954,
      "median_ms": 0.08030550000626135,
      "std_ms": 0.12763334121063474,
      "p95_ms": 0.33631809998553297,
      "fraction": 0.00012424531647768714
    },
    "tokenize_ms": {
      "mean_ms": 15.674164730001507,
      "median_ms": 15.658198500005938,
      "std_ms": 0.28923501539510077,
      "p95_ms": 16.14510109998122,
      "fraction": 0.012390631074755295
    },
    "forward_ms": {
      "mean_ms": 431.1749344799998,
      "median_ms": 431.6101205000109,
      "std_ms": 6.429255454541144,
      "p95_ms": 440.9364195000336,
      "fraction": 0.34084939349893834
    },
    "backward_ms": {
      "mean_ms": 798.9826486399991,
      "median_ms": 797.57361099999,
      "std_ms": 11.34720515327654,
      "p95_ms": 817.8726507499874,
      "fraction": 0.6316061751909451
    },
    "step_ms": {
      "mean_ms": 18.873842410003192,
      "median_ms": 18.47208600000272,
      "std_ms": 3.7542126730017515,
      "p95_ms": 18.677387549951163,
      "fraction": 0.014920017895294726
    },
    "_total": {
      "mean_ms": 1265.0013252300032,
      "data_fraction": 0.00023378234006668519,
      "compute_fraction": 0.9997662176599332
    }
  },
  "roaring": {
    "data_loading_ms": {
      "mean_ms": 0.15523886000096354,
      "median_ms": 0.11117549999539733,
      "std_ms": 0.1038046138256551,
      "p95_ms": 0.40200390002667064,
      "fraction": 0.00011836726998531224
    },
    "h2d_transfer_ms": {
      "mean_ms": 0.1663912200001505,
      "median_ms": 0.08567650002078153,
      "std_ms": 0.13159437046954403,
      "p95_ms": 0.335976349987277,
      "fraction": 0.00012687077488729984
    },
    "tokenize_ms": {
      "mean_ms": 15.96961083000167,
      "median_ms": 15.905384000035383,
      "std_ms": 0.26985810654720566,
      "p95_ms": 16.312103900003194,
      "fraction": 0.012176585403058496
    },
    "forward_ms": {
      "mean_ms": 447.88969070999826,
      "median_ms": 448.38538000001904,
      "std_ms": 3.1124056356377885,
      "p95_ms": 451.9457441500265,
      "fraction": 0.3415090779691329
    },
    "backward_ms": {
      "mean_ms": 828.7791227999992,
      "median_ms": 829.9898079999934,
      "std_ms": 5.099243090166645,
      "p95_ms": 835.0218437500303,
      "fraction": 0.631931477634201
    },
    "step_ms": {
      "mean_ms": 18.541512020000823,
      "median_ms": 18.51490800001443,
      "std_ms": 0.0971855369542423,
      "p95_ms": 18.747904700020968,
      "fraction": 0.01413762094873492
    },
    "_total": {
      "mean_ms": 1311.5015664400012,
      "data_fraction": 0.0002452380448726121,
      "compute_fraction": 0.9997547619551272
    }
  },
  "end_to_end_speedup": 0.964544273220946
}