{
  "config": {
    "model": "NeoQuasar/Kronos-small",
    "batches": 100,
    "batch_size": 32,
    "seq_len": 512,
    "shock_frac": 0.3,
    "output": "small.json"
  },
  "gpu": "NVIDIA A10",
  "model_params_M": 24.741376,
  "vanilla": {
    "data_loading_ms": {
      "mean_ms": 0.11584494000089762,
      "median_ms": 0.09278649997668253,
      "std_ms": 0.06585148699346192,
      "p95_ms": 0.3183663000356773,
      "fraction": 0.00030320699680059203
    },
    "h2d_transfer_ms": {
      "mean_ms": 0.15061099000149625,
      "median_ms": 0.1238240000134283,
      "std_ms": 0.09262169580253236,
      "p95_ms": 0.3097060499726467,
      "fraction": 0.0003942019907228043
    },
    "tokenize_ms": {
      "mean_ms": 15.725995829994872,
      "median_ms": 15.724376500031667,
      "std_ms": 0.16758097453863918,
      "p95_ms": 15.951183300074945,
      "fraction": 0.041160468185096666
    },
    "forward_ms": {
      "mean_ms": 121.0514572400041,
      "median_ms": 121.14800199998399,
      "std_ms": 0.9362854890912111,
      "p95_ms": 122.3093772500306,
      "fraction": 0.31683428562173305
    },
    "backward_ms": {
      "mean_ms": 239.74511232999586,
      "median_ms": 239.76407899999685,
      "std_ms": 1.291226815474101,
      "p95_ms": 242.15371554997205,
      "fraction": 0.6274973728385148
    },
    "step_ms": {
      "mean_ms": 5.276502300001766,
      "median_ms": 4.920506999951613,
      "std_ms": 3.4688620532237495,
      "p95_ms": 4.991746850078016,
      "fraction": 0.013810464367132094
    },
    "_total": {
      "mean_ms": 382.065523629999,
      "data_fraction": 0.0006974089875233963,
      "compute_fraction": 0.9993025910124766
    }
  },
  "roaring": {
    "data_loading_ms": {
      "mean_ms": 0.11685935999935282,
      "median_ms": 0.09223250003742578,
      "std_ms": 0.07652047908946932,
      "p95_ms": 0.329305349993092,
      "fraction": 0.00030194729568870367
    },
    "h2d_transfer_ms": {
      "mean_ms": 0.12818608999850767,
      "median_ms": 0.0853524999797628,
      "std_ms": 0.08019217831057782,
      "p95_ms": 0.2883497000652824,
      "fraction": 0.0003312138900997963
    },
    "tokenize_ms": {
      "mean_ms": 15.851608029997806,
      "median_ms": 15.820166999958474,
      "std_ms": 0.14373048798789895,
      "p95_ms": 16.114111950014376,
      "fraction": 0.04095820974033817
    },
    "forward_ms": {
      "mean_ms": 123.07809485000008,
      "median_ms": 123.00892850004175,
      "std_ms": 0.8185853934843903,
      "p95_ms": 124.54574115004107,
      "fraction": 0.3180155864167073
    },
    "backward_ms": {
      "mean_ms": 242.9058736200022,
      "median_ms": 242.88612499992723,
      "std_ms": 1.2885627555314982,
      "p95_ms": 245.1333777999821,
      "fraction": 0.627632837000544
    },
    "step_ms": {
      "mean_ms": 4.938442860009218,
      "median_ms": 4.931064499999138,
      "std_ms": 0.04414207362986417,
      "p95_ms": 5.023966849989847,
      "fraction": 0.012760205656622019
    },
    "_total": {
      "mean_ms": 387.0190648100072,
      "data_fraction": 0.0006331611857885,
      "compute_fraction": 0.9993668388142115
    }
  },
  "end_to_end_speedup": 0.9872007825184531
}